region,stockout_rate,overstock_rate,total_sales,total_forecast,avg_inventory
East,0.0,0.1430050683960979,2511265,2500099.360278948,138.43152215379584
North,0.0,0.13973008558262015,2484966,2491983.234886576,138.4697717796796
South,0.0,0.1404055309613598,2507799,2495467.308497606,138.25255506367165
West,0.0,0.13469768462635795,2471552,2487852.2007227507,136.8622846483046
