category,stockout_rate,overstock_rate,total_sales,total_forecast,avg_inventory
Clothing,0.0,0.13899904280049227,1999166,1999017.6609743792,137.91200601668262
Electronics,0.0,0.1364231113559672,1960432,1976202.178924034,137.5077474003168
Furniture,0.0,0.13864888767943398,2025017,2011338.8401532471,138.05061568814205
Groceries,0.0,0.14372732872493327,2000482,1993132.7729067358,138.83943604133873
Toys,0.0,0.13952059004302397,1990485,1995710.6514274855,137.71262719388105
